GROUP,PACKAGE,CLASS,INSTRUCTION_MISSED,INSTRUCTION_COVERED,BRANCH_MISSED,BRANCH_COVERED,LINE_MISSED,LINE_COVERED,COMPLEXITY_MISSED,COMPLEXITY_COVERED,METHOD_MISSED,METHOD_COVERED
TldDoc,io.github.weblegacy.tlddoc.main,TldDoc,192,72,30,7,62,24,23,4,2,2
TldDoc,io.github.weblegacy.tlddoc.main,TldDocGenerator,525,1334,69,109,151,319,67,75,16,34
TldDoc,io.github.weblegacy.tlddoc.main,GeneratorException,11,0,0,0,6,0,3,0,3,0
TldDoc,io.github.weblegacy.tlddoc.tagfileparser,Directives,21,18,0,0,5,6,1,3,1,3
TldDoc,io.github.weblegacy.tlddoc.tagfileparser,Directive,29,25,0,0,7,9,1,5,1,5
TldDoc,io.github.weblegacy.tlddoc.tagfileparser,Attribute,14,15,0,0,5,6,3,3,3,3
TldDoc,io.github.weblegacy.tlddoc,Utils,190,48,36,6,40,8,35,3,14,3
TldDoc,io.github.weblegacy.tlddoc,WarTagDirImplicitTagLibrary,84,0,12,0,21,0,8,0,2,0
TldDoc,io.github.weblegacy.tlddoc,WarJarTldFileTagLibrary,40,0,4,0,9,0,5,0,3,0
TldDoc,io.github.weblegacy.tlddoc,WarJarTagLibrary,101,0,14,0,28,0,17,0,10,0
TldDoc,io.github.weblegacy.tlddoc,TagDirImplicitTagLibrary,298,0,17,0,72,0,17,0,8,0
TldDoc,io.github.weblegacy.tlddoc,JarTldFileTagLibrary,5,0,0,0,2,0,1,0,1,0
TldDoc,io.github.weblegacy.tlddoc,TldFileTagLibrary,5,30,0,0,1,8,1,4,1,4
TldDoc,io.github.weblegacy.tlddoc.tagfileparser.javacc,Token,11,23,0,0,4,8,3,4,3,4
TldDoc,io.github.weblegacy.tlddoc.tagfileparser.javacc,ParseException,305,0,33,0,71,0,27,0,7,0
TldDoc,io.github.weblegacy.tlddoc.tagfileparser.javacc,JJTTagFileState,116,112,6,4,25,29,10,7,6,6
TldDoc,io.github.weblegacy.tlddoc.tagfileparser.javacc,StringProvider,65,0,6,0,18,0,6,0,3,0
TldDoc,io.github.weblegacy.tlddoc.tagfileparser.javacc,TagFileConstants,156,0,0,0,1,0,1,0,1,0
TldDoc,io.github.weblegacy.tlddoc.tagfileparser.javacc,TagFileTokenManager,1639,2059,362,196,476,431,272,98,29,38
TldDoc,io.github.weblegacy.tlddoc.tagfileparser.javacc,SimpleCharStream,635,310,39,17,104,69,37,18,13,13
TldDoc,io.github.weblegacy.tlddoc.tagfileparser.javacc,TokenMgrException,145,0,23,0,37,0,21,0,6,0
TldDoc,io.github.weblegacy.tlddoc.tagfileparser.javacc,StreamProvider,27,27,5,1,8,8,5,3,2,3
TldDoc,io.github.weblegacy.tlddoc.tagfileparser.javacc,TagFile,683,690,93,38,156,164,75,26,13,19
TldDoc,io.github.weblegacy.tlddoc.tagfileparser.javacc,TagFileTreeConstants,52,0,0,0,1,0,1,0,1,0
TldDoc,io.github.weblegacy.tlddoc.tagfileparser.javacc,SimpleNode,91,33,9,3,21,11,15,6,10,5
